condition,file,muted,no_speech_prob
clean,sample_0001.wav,0,0.073821
clean,sample_0002.wav,0,0.032531
clean,sample_0003.wav,0,0.050125
clean,sample_0004.wav,0,0.092591
clean,sample_0005.wav,0,0.085377
clean,sample_0006.wav,0,0.022152
clean,sample_0007.wav,0,0.030359
clean,sample_0008.wav,0,0.049492
clean,sample_0009.wav,0,0.054525
clean,sample_0010.wav,0,0.028763
clean,sample_0011.wav,0,0.011085
clean,sample_0012.wav,0,0.033745
clean,sample_0013.wav,0,0.050894
clean,sample_0014.wav,0,0.025391
clean,sample_0015.wav,0,0.030005
clean,sample_0016.wav,0,0.015916
clean,sample_0017.wav,0,0.020017
clean,sample_0018.wav,0,0.010996
clean,sample_0019.wav,0,0.031109
clean,sample_0020.wav,0,0.042497
clean,sample_0021.wav,0,0.046535
clean,sample_0022.wav,0,0.037331
clean,sample_0023.wav,0,0.043189
clean,sample_0024.wav,0,0.014837
clean,sample_0025.wav,0,0.055029
clean,sample_0026.wav,0,0.022650
clean,sample_0027.wav,0,0.028916
clean,sample_0028.wav,0,0.043316
clean,sample_0029.wav,0,0.018193
clean,sample_0030.wav,0,0.033444
clean,sample_0031.wav,0,0.014485
clean,sample_0032.wav,0,0.035356
clean,sample_0033.wav,0,0.038404
clean,sample_0034.wav,0,0.016579
clean,sample_0035.wav,0,0.015813
clean,sample_0036.wav,0,0.043750
clean,sample_0037.wav,0,0.021910
clean,sample_0038.wav,0,0.026454
clean,sample_0039.wav,0,0.013419
random_noise_30s,sample_0001.wav,0,0.180826
random_noise_30s,sample_0002.wav,0,0.080154
random_noise_30s,sample_0003.wav,0,0.156944
random_noise_30s,sample_0004.wav,0,0.199002
random_noise_30s,sample_0005.wav,0,0.296105
random_noise_30s,sample_0006.wav,0,0.092153
random_noise_30s,sample_0007.wav,0,0.226669
random_noise_30s,sample_0008.wav,0,0.190015
random_noise_30s,sample_0009.wav,0,0.114787
random_noise_30s,sample_0010.wav,0,0.125064
random_noise_30s,sample_0011.wav,0,0.048206
random_noise_30s,sample_0012.wav,0,0.150308
random_noise_30s,sample_0013.wav,0,0.135541
random_noise_30s,sample_0014.wav,0,0.095200
random_noise_30s,sample_0015.wav,0,0.083060
random_noise_30s,sample_0016.wav,0,0.051885
random_noise_30s,sample_0017.wav,0,0.158754
random_noise_30s,sample_0018.wav,0,0.048751
random_noise_30s,sample_0019.wav,0,0.135177
random_noise_30s,sample_0020.wav,0,0.141208
random_noise_30s,sample_0021.wav,0,0.082203
random_noise_30s,sample_0022.wav,0,0.089396
random_noise_30s,sample_0023.wav,0,0.112001
random_noise_30s,sample_0024.wav,0,0.060377
random_noise_30s,sample_0025.wav,0,0.176801
random_noise_30s,sample_0026.wav,0,0.109415
random_noise_30s,sample_0027.wav,0,0.086806
random_noise_30s,sample_0028.wav,0,0.118170
random_noise_30s,sample_0029.wav,0,0.090665
random_noise_30s,sample_0030.wav,0,0.128212
random_noise_30s,sample_0031.wav,0,0.030014
random_noise_30s,sample_0032.wav,0,0.108011
random_noise_30s,sample_0033.wav,0,0.090536
random_noise_30s,sample_0034.wav,0,0.040551
random_noise_30s,sample_0035.wav,0,0.101768
random_noise_30s,sample_0036.wav,0,0.073076
random_noise_30s,sample_0037.wav,0,0.189773
random_noise_30s,sample_0038.wav,0,0.170612
random_noise_30s,sample_0039.wav,0,0.105950
trained_noise_30s,sample_0001.wav,1,0.904934
trained_noise_30s,sample_0002.wav,1,0.911652
trained_noise_30s,sample_0003.wav,1,0.884378
trained_noise_30s,sample_0004.wav,1,0.882774
trained_noise_30s,sample_0005.wav,1,0.904410
trained_noise_30s,sample_0006.wav,1,0.912666
trained_noise_30s,sample_0007.wav,1,0.903778
trained_noise_30s,sample_0008.wav,1,0.887674
trained_noise_30s,sample_0009.wav,1,0.917610
trained_noise_30s,sample_0010.wav,1,0.904564
trained_noise_30s,sample_0011.wav,1,0.886373
trained_noise_30s,sample_0012.wav,1,0.890105
trained_noise_30s,sample_0013.wav,1,0.876963
trained_noise_30s,sample_0014.wav,1,0.918310
trained_noise_30s,sample_0015.wav,1,0.878855
trained_noise_30s,sample_0016.wav,1,0.892513
trained_noise_30s,sample_0017.wav,1,0.900953
trained_noise_30s,sample_0018.wav,1,0.904186
trained_noise_30s,sample_0019.wav,1,0.889180
trained_noise_30s,sample_0020.wav,1,0.906227
trained_noise_30s,sample_0021.wav,1,0.864516
trained_noise_30s,sample_0022.wav,1,0.921919
trained_noise_30s,sample_0023.wav,1,0.886584
trained_noise_30s,sample_0024.wav,1,0.920741
trained_noise_30s,sample_0025.wav,1,0.892043
trained_noise_30s,sample_0026.wav,1,0.923645
trained_noise_30s,sample_0027.wav,1,0.917095
trained_noise_30s,sample_0028.wav,1,0.930441
trained_noise_30s,sample_0029.wav,1,0.931222
trained_noise_30s,sample_0030.wav,1,0.916798
trained_noise_30s,sample_0031.wav,1,0.905140
trained_noise_30s,sample_0032.wav,1,0.877818
trained_noise_30s,sample_0033.wav,1,0.910293
trained_noise_30s,sample_0034.wav,1,0.912270
trained_noise_30s,sample_0035.wav,1,0.931728
trained_noise_30s,sample_0036.wav,1,0.928872
trained_noise_30s,sample_0037.wav,1,0.895186
trained_noise_30s,sample_0038.wav,1,0.922662
trained_noise_30s,sample_0039.wav,1,0.887544
random_noise_5s,sample_0001.wav,0,0.117260
random_noise_5s,sample_0002.wav,0,0.034892
random_noise_5s,sample_0003.wav,0,0.092804
random_noise_5s,sample_0004.wav,0,0.124629
random_noise_5s,sample_0005.wav,0,0.223105
random_noise_5s,sample_0006.wav,0,0.056091
random_noise_5s,sample_0007.wav,0,0.109356
random_noise_5s,sample_0008.wav,0,0.126106
random_noise_5s,sample_0009.wav,0,0.085578
random_noise_5s,sample_0010.wav,0,0.064229
random_noise_5s,sample_0011.wav,0,0.024088
random_noise_5s,sample_0012.wav,0,0.102761
random_noise_5s,sample_0013.wav,0,0.097818
random_noise_5s,sample_0014.wav,0,0.057533
random_noise_5s,sample_0015.wav,0,0.052626
random_noise_5s,sample_0016.wav,0,0.029654
random_noise_5s,sample_0017.wav,0,0.108601
random_noise_5s,sample_0018.wav,0,0.025553
random_noise_5s,sample_0019.wav,0,0.089420
random_noise_5s,sample_0020.wav,0,0.087074
random_noise_5s,sample_0021.wav,0,0.048726
random_noise_5s,sample_0022.wav,0,0.045064
random_noise_5s,sample_0023.wav,0,0.079209
random_noise_5s,sample_0024.wav,0,0.036805
random_noise_5s,sample_0025.wav,0,0.100509
random_noise_5s,sample_0026.wav,0,0.060208
random_noise_5s,sample_0027.wav,0,0.048263
random_noise_5s,sample_0028.wav,0,0.043275
random_noise_5s,sample_0029.wav,0,0.052267
random_noise_5s,sample_0030.wav,0,0.080946
random_noise_5s,sample_0031.wav,0,0.019690
random_noise_5s,sample_0032.wav,0,0.059099
random_noise_5s,sample_0033.wav,0,0.048748
random_noise_5s,sample_0034.wav,0,0.017433
random_noise_5s,sample_0035.wav,0,0.057593
random_noise_5s,sample_0036.wav,0,0.040370
random_noise_5s,sample_0037.wav,0,0.140076
random_noise_5s,sample_0038.wav,0,0.082489
random_noise_5s,sample_0039.wav,0,0.038579
trained_noise_5s,sample_0001.wav,1,0.672756
trained_noise_5s,sample_0002.wav,1,0.696460
trained_noise_5s,sample_0003.wav,1,0.675284
trained_noise_5s,sample_0004.wav,1,0.676417
trained_noise_5s,sample_0005.wav,1,0.706285
trained_noise_5s,sample_0006.wav,1,0.705532
trained_noise_5s,sample_0007.wav,1,0.684828
trained_noise_5s,sample_0008.wav,1,0.652362
trained_noise_5s,sample_0009.wav,1,0.691284
trained_noise_5s,sample_0010.wav,1,0.700044
trained_noise_5s,sample_0011.wav,1,0.656449
trained_noise_5s,sample_0012.wav,1,0.686243
trained_noise_5s,sample_0013.wav,1,0.623172
trained_noise_5s,sample_0014.wav,1,0.676726
trained_noise_5s,sample_0015.wav,1,0.655380
trained_noise_5s,sample_0016.wav,1,0.657836
trained_noise_5s,sample_0017.wav,1,0.654885
trained_noise_5s,sample_0018.wav,1,0.646958
trained_noise_5s,sample_0019.wav,1,0.673911
trained_noise_5s,sample_0020.wav,1,0.706923
trained_noise_5s,sample_0021.wav,0,0.585065
trained_noise_5s,sample_0022.wav,1,0.694091
trained_noise_5s,sample_0023.wav,1,0.655672
trained_noise_5s,sample_0024.wav,1,0.704680
trained_noise_5s,sample_0025.wav,1,0.671201
trained_noise_5s,sample_0026.wav,1,0.672615
trained_noise_5s,sample_0027.wav,1,0.685097
trained_noise_5s,sample_0028.wav,1,0.700192
trained_noise_5s,sample_0029.wav,1,0.715874
trained_noise_5s,sample_0030.wav,1,0.677064
trained_noise_5s,sample_0031.wav,1,0.717387
trained_noise_5s,sample_0032.wav,1,0.633842
trained_noise_5s,sample_0033.wav,1,0.702559
trained_noise_5s,sample_0034.wav,1,0.676429
trained_noise_5s,sample_0035.wav,1,0.720139
trained_noise_5s,sample_0036.wav,1,0.707715
trained_noise_5s,sample_0037.wav,1,0.680403
trained_noise_5s,sample_0038.wav,1,0.677567
trained_noise_5s,sample_0039.wav,1,0.655565
